estado,count_samples,mse_no_speed,pct_rmse_no_speed
1,1868,0.009082594967412465,9.530264932000824
2,1868,0.009257938540700172,9.62181819652615
3,1868,0.010451908257533915,10.223457466793667
