estado,count_samples,mse_speed,pct_rmse_speed
1,1868,0.0067380376677937505,8.20855509075364
2,1868,0.006237442749403097,7.897748254662905
3,1868,0.006033125305194754,7.767319553871048
