estado,count_samples,mse_speed,pct_rmse_speed
1,2385,0.013803402122404416,11.748788074692818
2,5511,0.009340130751966054,9.66443518885923
3,3580,0.02016816158198891,14.201465270171564
